Desser For Bedroom With 7 Fabric Drawers Organizer Storage Closet Chest Clothes For Living Room Display Cabinet Of Furniture,78.4,39.46,7,Free shipping,49.67
Small Unit Simple Computer Desk Household Wooden Minimalist Tea Table Wooden Minimalist Small Makeup Table Home Furniture,48.82,21.37,1,Free shipping,56.23
"3 Pieces Patio Furniture Set, Outdoor Swivel Glider Rocker, Wicker Bistro Set with Rattan Rocking Chair, Glass Top Table",1294.04,123.4,53,Free shipping,90.46
"Living Room Furniture, Modern 3-Piece Including Three-Seater, Loveseat and Single Chair,Dutch Velvet Upholstered Sofa Set",1474.17,734.58,5,Free shipping,50.17
7-piece patio furniture set modular wicker outdoor sectional sofa PE rattan outdoor set with pillowtop cushions and coffee table,671.47,331.24,39,Free shipping,50.67
Office Furniture Computer Stand 42*26cm Adjustable Foldable Laptop Holder Notebook Desks Lap PC Folding Desk Table Vented Stand,56.58,26.03,1000,Free shipping,53.99
Modern Small Bedside Table with Drawer Lock Nordic Minimalist Bedside Cabinet Storage Cabinets Nightstands for Bedroom Furnitur,98.79,49.39,1,Free shipping,50.01
Folding Desk Small Writing Desk Dressing Table Adjustable Height Space Saving Office Furniture Mobile Bookshelf,86.61,48.56,3,Free shipping,43.93
Home Furniture Shoe-shelf Headboards Shoe Cabinet Hallway Shoerack Living Room Cabinets Shoes Organizer External Storage Wheel,15.71,9.71,110,Free shipping,38.19
Simple Wardrobe Portable Large Capacity Assembly Storage Closet Bedroom Furniture Durable and Sturdy Clothes Dustproof Wardrobe,82.27,40.13,1,Free shipping,51.22
"3 Pieces Rocking Wicker Bistro Set, Patio Outdoor Furniture Conversation Sets with Porch Chairs and Glass Coffee Table, Beige",251.56,87.08,11,Free shipping,65.38
Outdoor Furniture Sets Sectional PE Rattan Outdoor Furniture Patio Conversation Set with Cushions for Balcony Lawn and Garden,736.43,435.86,5,Free shipping,40.81
"Patio Furniture Outdoor Set, Terrace Sofa Set, All-weather PE Rattan with Padded Cushions, Garden Furniture Sets",665.74,393.44,16,Free shipping,40.9
"Shintenchi 5 Pieces Outdoor Patio Sectional Sofa Couch, Silver Gray PE Wicker Furniture Conversation Sets with Washable Cushions",407.85,279.49,3,Free shipping,31.47
Makeup Table With 5 Drawers & Shelves Vanity Table Set Large Vanity Desk With Mirror and Lights White and Gold Bedroom Furniture,313.69,175.94,1,Free shipping,43.91
Dressers for Bedroom Furniture Thickened Frame Dresser Vanity Table for Makeup Furnitures Hallway Kids Room Make Up Table Toilet,72.43,31.71,60,Free shipping,56.22
"Living Room Sofa Set , L Shape Modular Storage Ottoman & Chaise, Comfy Corner Sofa Cup Holder Living Room Furniture Couch Sets",983.42,584.05,1,Free shipping,40.61
Modern Small Bedside Table with Drawer Lock Nordic Minimalist Bedside Cabinet Storage Cabinets Nightstands for Bedroom Furnitur,98.79,49.39,1,Free shipping,50.01
"Sofa Bed Reversible Convertible Sleeper Pull Out Couches with Storage Chaise, Linen Fabric Furniture for Living Room, Apartment",633.27,342.3,19,Free shipping,45.95
Folding Desk Small Writing Desk Dressing Table Adjustable Height Space Saving Office Furniture Mobile Bookshelf,86.61,48.56,3,Free shipping,43.93
Air Dresser LED White Vanity Set With Stool and Power Outlet Bedroom Furniture Home Makeup Vanity Table Girls(White) Furnitures,355.38,200.12,28,Free shipping,43.69
Desser For Bedroom With 7 Fabric Drawers Organizer Storage Closet Chest Clothes For Living Room Display Cabinet Of Furniture,78.4,39.46,7,Free shipping,49.67
Simple Wardrobe Portable Large Capacity Assembly Storage Closet Bedroom Furniture Durable and Sturdy Clothes Dustproof Wardrobe,82.27,40.13,1,Free shipping,51.22
VEVOR Ergonomic Rocking Wooden Kneeling Chair Stool Correct Posture Computer Chair Original Home Office Furniture Thick Cushion,108.32,58.99,223,Free shipping,45.54
"Garden Furniture Set 7 Piece, Patio Couch Sets Chair, PE Rattan Sectional with 45"" Fire Pit Table, Garden Furniture Set",1506.07,897.64,6,Free shipping,40.4
"Cushions for Patio Furniture Replacement, Patio Furniture Cushions, Deep Seat Cushions, Outdoor Seat Cushions",449.85,263.91,15,Free shipping,41.33
Coffee Table Tv Cabinet White Kitchen Cabinets for Living Room Sets Furniture LED TV Stand for 55 Inch TV Bedroom Wall Shelves,208.94,115.19,30,Free shipping,44.87
"Set of 2 LED Nightstand with 2 Drawers, Bedside Table with Drawers for Bedroom Furniture, Side Bed Table with LED Light, White",213.67,111.74,14,Free shipping,47.7
Makeup Vanity Table Set Glass Top Makeup Vanity Table With 10x Magnifying Mirror 3 Light Settings (Modern White) Furnitures Desk,355.38,207.23,4,Free shipping,41.69
1: 12 Miniature Wooden Furniture: Wood Cabinet with Drawers Fairy Home Decoration Unpainted DIY Accessories,4.49,1.99,1,Free shipping,55.68
Outdoor Furniture Sets Sectional PE Rattan Outdoor Furniture Patio Conversation Set with Cushions for Balcony Lawn and Garden,736.43,435.86,5,Free shipping,40.81
"Patio Furniture Outdoor Set, Terrace Sofa Set, All-weather PE Rattan with Padded Cushions, Garden Furniture Sets",665.74,393.44,16,Free shipping,40.9
Patio Furniture Set 4 Pieces Outdoor Rattan Chair Wicker Sofa Garden Conversation Bistro Sets for Yard patio furniture outdoor,244.15,135.61,31,Free shipping,44.46
"3 Pieces Rocking Wicker Bistro Set, Patio Outdoor Furniture Conversation Sets with Porch Chairs and Glass Coffee Table, Beige",303.84,100.34,2,Free shipping,66.98
"7 Pieces Patio Furniture Set, Modular Patio Set Wicker Outdoor Sectional Sofa Set PE Rattan Wicker Patio Conversation Set",593.72,350.23,8,Free shipping,41.01
Makeup Table Makeup Vanity With Lights Make Up Table 2 Cabinets & Long Storage Shelf Furniture Bathroom 10 Led Lights White Desk,270.77,156.46,3,Free shipping,42.22
Nordic Coffee Table Luxury Bed Side Table Personality Outdoor Balcony Tables Minimalist Square Tea Tables Living Room Furniture,109.89,61.61,2,Free shipping,43.93
"Nightstand, 2 Drawer Dresser for Bedroom, End Tables with Fabric Storage Drawer, Small Furniture, Night Stand, Si",67.36,26.79,4,Free shipping,60.23
Smart Bedside Table Narrow Smart Nightstands Bedroom Furniture LED Ultra Narrow Smart Bedside Table with Wireless USB Charging,109.92,55.63,1,Free shipping,49.39
"4 Pieces Outdoor Patio Furniture Modern Conversation Black Bistro Set with Loveseat Tea Table for Home, Lawn and Balcony",181.98,84.99,2,Free shipping,53.3
"4 Pieces Patio Conversation Set, Outside Rattan Sectional Sofa, Cushioned Furniture Set, Wicker Sofa Ideal for Garden, Backyard",486.32,237.16,1,Free shipping,51.23
"Sofa Sectional Deep 3-Seat Couch with Ottoman,Chenille Sofa Sleeper Comfy Upholstered Furniture for Living Room,Beige Couch",1111.68,549.84,4,Free shipping,50.54
Vanity Desk With Stool Makeup Vanity Table Set 3 Color Lighting Modes Brightness Adjustable Dressers for Bedroom Furniture Girls,369.77,208.46,7,Free shipping,43.62
Small Japanese Luxury Coffee Tables Unusual Entryways Modern Corner Coffee Table Cute Round Mesa De Centro Living Room Furniture,314.56,151.28,15,Free shipping,51.91
1pc Swing chair sunshade waterproof sunscreen garden swing canopy for picnics meeting activities outdoor furniture accessories,13.35,10.85,5,Free shipping,18.73
Dressing Table for Bedroom Furniture Home 4 Cabinets & Time Display Makeup Vanity Table Set Vanity Desk With Mirror and Lights,377.01,212.67,6,Free shipping,43.59
"Patio Furniture Outdoor Set, Terrace Sofa Set, All-weather PE Rattan with Padded Cushions, Garden Furniture Sets",681.72,334.86,13,Free shipping,50.88
Light Luxury Makeup Stools Round Stool Chairs Dressing Stool Vanity Chair Storages Bench Bedrooms Sofas Side Stools Furniture,47.73,26.76,5,Free shipping,43.93
Side Bed Table With LED Light Bedside Tables for the Bedroom Furniture Generic Nightstand Set of 2 LED Nightstand With 2 Drawers,247.81,142.68,28,Free shipping,42.42
"4-Piece Patio Furniture Wicker Outdoor Bistro Set, All-Weather Chairs , Balcony and Deck with Soft Cushions and Metal Table",425.67,249.4,3,Free shipping,41.41
Flamaker 3 Pieces Patio Set Outdoor Wicker Furniture Sets Modern Rattan Chair Conversation Sets with Coffee Table,167.87,77.94,5,Free shipping,53.57
"Garden Furniture 4 Pieces Sets, Outdoor Wicker Rattan Chairs Gardens with Soft Cushion and Glass Table, Garden Furniture Set",249.6,143.76,3,Free shipping,42.4
Smart Bedside Table With Wireless Usb Led Light Nightstand Modern Style Bedroom Simple Wood Bedside Table Bedroom Furniture,108.54,60.86,1,Free shipping,43.93
"Living Room Furniture, Modern 3-Piece Including Three-Seater, Loveseat and Single Chair,Dutch Velvet Upholstered Sofa Set",1474.17,734.58,5,Free shipping,50.17
Nordic Style Inflatable Transparent Sofa Lazy Organizer Modern Armchair Couch Single Cheap Divani Soggiorno Bedroom Furniture,38.01,38.01,55,Free shipping,0
"7 Pieces Patio Furniture Set,Wicker Outdoor Conversation Set,Rattan Sectional Sofa Set w/Washable Cushions",591.23,289.61,11,Free shipping,51.02
Side Bed Table With LED Light Bedside Tables for the Bedroom Furniture Generic Nightstand Set of 2 LED Nightstand With 2 Drawers,254.96,146.97,27,Free shipping,42.36
"7 Pieces Patio Furniture Set, Modular Patio Set Wicker Outdoor Sectional Sofa Set PE Rattan Wicker Patio Conversation Set。",580.46,342.28,7,Free shipping,41.03
"Convertible Sectional Sofa,3 Seat L-Shaped Sofa with Linen Fabric,Movable Ottoman Small Couch,Living Room and Dark Gray Couch",375.5,181.75,19,Free shipping,51.6
7-piece patio furniture set modular wicker outdoor sectional sofa PE rattan outdoor set with pillowtop cushions and coffee table,593.19,290.59,8,Free shipping,51.01
"Patio Furniture Set 8PCS With 40"" Fire Pit Table Outdoor Sectional Sofa Set Wicker Furniture Set With Coffee Table Garden Sets",1025.04,506.52,14,Free shipping,50.59
LEEGOHOME Wardrobes Closet Cloth Bedroom Furniture 85/125/166/207x45x170cm Steel Pipe Support Storage Household,233.9,57.15,118,others,75.57
Bedside Table Simple Modern Nordic with Lock Drawer Storage Nightstand Sideboard Multi-Layer Bedroom Storage Cabinet Furniture,112.73,57.2,12,Free shipping,49.26
Makeup Vanity Furniture With Mirror Makeup Desk With Led Lighted Mirror in 3 Colors White for Bedroom Air Dresser Dressing Table,270.77,156.46,4,Free shipping,42.22
Outdoor Swing Chair Canopy Courtyard Waterproof And Dustproof Swing Sunshade Swing Top Cover Garden Patio Furniture Dust Cover,18.89,4.39,3,Free shipping,76.76
"Patio Furniture Sets, 7 Piece PE Rattan Wicker Sofa Set, Outdoor Sectional Furniture Chair Set, Outdoor Furniture Sets",679.94,673.94,17,Free shipping,0.88
"Outdoor Furniture Patio Sectional Sofa, 7 Piece Patio Furniture Set, All Weather PE Rattan Outdoor set with Cushions and Table",805.33,396.67,12,Free shipping,50.74
New Lazy Inflatable Sofa Chairs Large Tatami Pvc Leisure Lounger Couch Seat Living Room Bedroom Dormitory Furniture,27.17,27.17,31,Free shipping,0
"Garden Furniture Set 7 PCS, Garden Fire Pit Table Patio Sets, No-Slip Cushions and Waterproof Covers, Garden Furniture Set",1484.31,884.59,8,Free shipping,40.4
Aluminum Patio Furniture Set 7 Pieces 7 Seat Metal Outdoor Furniture Conversation Set w/45 Propane Gas Fire Pit&Swivels,1076.22,801.16,6,Free shipping,25.56
"4 Piece Patio Furniture Set, Outdoor Wicker Conversation Sets,Rattan Sectional Sofa w/Coffee Table, for Backyard Garden Poolside",356.88,208.13,16,Free shipping,41.68
"7 Pieces Patio Furniture Set, Modular Patio Set Wicker Outdoor Sectional Sofa Set PE Rattan Wicker Patio Conversation Set",656.96,388.18,23,Free shipping,40.91
Deep Seating Patio Furniture for Garden Porch Balcony 2 Armchairs with Thick Cushion Outdoor Table Chair Set Sets Freight free,931.46,534.25,2,Free shipping,42.64
Kitchen Dining Table with 4 Chairs for Small Space Dinning Tables and Chairs Apartment Chair Dining Room Set Furniture Bedroom,198.01,112.81,8,Free shipping,43.03
"9 Piece Outdoor Dining Set, Patio Wicker Furniture Set with Acacia Wood Table Top w/Umbrella Hole, Rattan Dining Table Chairs",2497.35,493.47,4,Free shipping,80.24
"7 Pieces Patio Dining Set Outdoor Furniture with 6 Stackable Textilene Chairs and Large Table for Yard, Garden, Porch , Grey",465.93,268.74,6,Free shipping,42.32
2/3/4/5 layer Nordic Round Bedside Table Mini Cute Storage Cabinet Creative Living Room Sofa Side Table Bedroom Furniture,53.4,53.4,21,Free shipping,0
Vanity Desk With Stool Makeup Vanity Table Set 3 Color Lighting Modes Brightness Adjustable Dressers for Bedroom Furniture Girls,369.77,208.46,9,Free shipping,43.62
"Redlife Vanity Stool Chair with Storage Faux Fur Makeup Ottoman, Dresser Furniture with Gold Metal Legs for Bedroom & Livingroom",55.84,21.92,19,Free shipping,60.74
Living Room S Shape Inflatable Sofa Chair Cheap Single Designer Sofa Lazy Divano Home Furniture,66.17,34.68,79,Free shipping,47.59
6 Foot Folding Table In White Speckle Free Shipping Camping Chair Dining Tables Furnitures Home Furniture Desk Room Portable,105.14,57.09,11,Free shipping,45.7
Portable Wardrobes Simple Assembly Storage Closet Cabinet Large Capacity Storage Rack Dustproof Wardrobe Home Bedroom Furniture,76.28,35.19,28,Free shipping,53.87
Kid Step Stool With Non-Slip Pads Living Room Furniture Kid Non-Slip Ottoman Potty Training Stool Children Safety Training Stool,23.74,8.25,256,Free shipping,65.25
Outdoor Swing Chair Canopy Sunshade Swing Top Cover Garden Patio Furniture Dust Cover Courtyard Waterproof And Dustproof Swing,20.29,11.37,5,Free shipping,43.96
Portable Wardrobes Simple Assembly Storage Closet Cabinet Thickened Clothing Storage Rack Dustproof Wardrobe Bedroom Furniture,76.28,42.77,12,Free shipping,43.93
Wardrobe Household Simple Assembly Wardrobe Bedroom Dustproof Furniture Thickened Clothes Storage Rack Sundries Organizing Shelf,76.28,36.77,14,Free shipping,51.8
"7 Piece Patio Furniture Set, Outdoor Furniture Patio Sectional Sofa, All Weather PE Rattan Outdoor set with Cushions and Table",832.78,493.67,4,Free shipping,40.72
Bedside Table Simple European Style Living Room Sofa Side Table Removable Bedroom Nightstand Hollow Bedside Tables Furniture,18.12,12.12,6,Free shipping,33.11
Dust-proof Closet Wardrobe Storage Cabinet Storage Rack Multi-functional Wardrobe Bookshelf Bookcase Bedroom Organizer Furniture,70.57,32.81,7,Free shipping,53.51
Lazy Inflatable Sofa Chairs thickened PVC Lounger Seat Tatami Bean Bag Sofas For living room Leisure Sofa Furniture Chairs,44.77,25.1,38,Free shipping,43.94
Multilayer Shoe Rack Organizer Nonwoven Fabric Hallway Entryway Stand Holder Space Saving Cabinet Home Furniture Dustproof Shelf,47.42,17.71,392,Free shipping,62.65
Folding Telescopic Stool Portable Lightweight Thickened Plastic Stools Household Round Stable Structure Chair Lounge Furniture,31.18,14.98,251,Free shipping,51.96
Clothes Hanger Multi-Ayer Shoe Rack Clothes Hanger Coat Hat Rack One Simple Door Shoe Shelf Indoor Storage Furniture Hat Hangers,92.35,45.78,8,Free shipping,50.43
Home Furniture Women's Luxury Belt Vip Luxury Bag 2023 Shoe-shelf Shoe Rack Organizer Cabinet Living Room Cabinets Shoerack,10.29,10.29,68,Free shipping,0
Smart Bedside Table with Fingerprint Lock Narrow Bedroom Furniture LED Ultra Smart Bedside Table with Wireless USB Charging,107.72,60.39,4,Free shipping,43.94
"Garden Furniture 8 Pieces Set with 40"" Fire Pit Outdoor Sofa Sets, Wicker Furniture Set with Coffee Table, Garden Furniture Sets",1124.88,673.43,5,Free shipping,40.13
OTAUTAU Linen Bean Bag Chair with Filling Beanbag Pouf Ottoman Footstool Tatami Round Stool Futon Puff Relax Lounge Furniture,23.26,13.8,115,Free shipping,40.67
Shoe-shelf Shoerack Multilayer Shoe Rack Shoebox Bondage Furniture Plant Shelves Metal Cabinet Shoes Organizer Cabinets Space,15.4,15.4,700,Free shipping,0
Installation-Free Folding Wardrobe Simple Durable Steel Frame Cloth Wardrobe Bedroom Storage Rack Integrated Household Furniture,117.51,57.46,44,Free shipping,51.1
Cabinets for Living Room Shoe-shelf Home Furniture Bag Woman Cabinet Shoe Rack Organizer Handbags for Women Shoulder Bags Shoes,16.05,13.55,8,Free shipping,15.58
Bedroom Cabinets Living Room Cabinets Shoemakers Cabinet Shoe Furniture Modular Shoe Rack Shoes Organizer Shoe-shelf Shoerack,35.67,29.67,332,Free shipping,16.82
"Garden Furniture Set 7 PCS, Garden Fire Pit Table Patio Sets, No-Slip Cushions and Waterproof Covers, Garden Furniture Set",2559.3,1529.58,5,Free shipping,40.23
Travel Canvas Hammock Swings Garden Sport Yard Dormitory Bedroom Hanging Chair Patio Outdoor Home Swing Adult Leisure Furniture,35.03,29.03,19,Free shipping,17.13
Plant Shelves Shoe Cabinets Luxury Multilayer Shoe Rack Shoebox Shoerack Louis Shoes Metal Cabinet Shoe-shelf Bondage Furniture,30.07,24.07,135,Free shipping,19.95
Organization and Storage Shelves Nordic Furniture Closet Shoerack Wardrobe Garden Furniture Sets Shoe Cabinet Dresser Dressers,36.52,34.02,56,Free shipping,6.85
Transparent Table and Chair Acrylic Folding Furniture Bedroom Balcony Table Chair Combination Modern Simple Portable Furniture,52.34,29.34,28,Free shipping,43.94
Wardrobe Storage Bag Clothing Bedroom Furniture Wardrobe Collapsible Portable Suspension Cupboard Dormitory Wardrobe Hot E12171,14.31,8.31,2,Free shipping,41.93
Headboards Portable Shoe Rack Organizer Shoerack Chairs for Living Room Cabinets Home Furniture Shoe-shelf Chaise Lounge Canopy,13.95,7.95,57,Free shipping,43.01
DIY Multilayer Shoes Rack Steel Tube Shoe Cabinet Hallway Entryway Storage Rack Space Saving Stand Holder Living Room Furniture,24.91,18.91,60,Free shipping,24.09
Multi-ayer Shoe Rack DIY Clothes Hanger Coat Rack Storage Clothing Drying Rack Shoe Organizer Home Dorm Furniture Hat Hangers,55.77,25.27,147,Free shipping,54.69
Cabinet Shoe Cabinets Living Room Cabinets Entrance Furniture Ultra-thin Dump Shoe Rack Kitchen Cupboards Shoe-shelf Shoerack,41.84,35.84,58,Free shipping,14.34
Bamboo Shoe Cabinet Shoes Organizers Plastic Space Saving Shoe Rack Shoerack Shoe-shelf Chessure Furniture Cabinets Cupboards,34.41,34.41,25,Free shipping,0
Shoes Organizer Shoe Stool Mdf Shoe Rack Organizers Garden Furniture Sets Shoerack Shelving Cabinets for Living Room Shoe-shelf,20.95,16.45,171,Free shipping,21.48
Storage Drawer Drawers Plastic Organizer Cabinet Box Closet Unit With Type Desktop Shelf Stacking Furniture Bins Chest Layer,21.24,15.24,40,Free shipping,28.25
Stackable Shoe Rack Space Saving Shoerack Organizer for Entry Door Multi-Layer Plastic living room Cabinet Furniture,12.85,8.35,44,Free shipping,35.02
Home Furniture Storage Cabinet Office Chairs for Living Room Shoerack Shoe Organizer Rack Chaise Lounge Shoe-shelf Canopy Shoes,22.17,16.17,46,Free shipping,27.06
Plastic Space Saving Shoe Rack Bamboo Shoe Cabinet Shoes Organizers Shoe-shelf Chessure Furniture Shoerack Cabinets Cupboards,31.24,31.24,29,Free shipping,0
Small Home Furniture End Tables Decor The Side Night Stands Pvc Wood Plastic Board Bedroom Storage Shelf,18.37,18.37,6,Free shipping,0
Creative Cubic Imitation Lamb Wool Funny Shoes Stool Bedroom Decorative Dices Stool Living Room Mobile Furniture Home Decoration,20.79,14.79,41,Free shipping,28.86
"Step2 Vero Pool Lounger, Fade-Resistant, Waterproof Patio Furniture, Pool Lounge Chair for Sun Shelf",248.93,185.2,1,Free shipping,25.6
1PC Mini House Night Table Model Wooden Mini Bedside Table Model Decoration Furniture,4.94,0.99,7,Free shipping,79.96
Living Room Cabinets Cheap Shoes Shoe-shelf Sneaker Mid-century Furniture Organizer Shoe Rack Folding Shoerack Shoemakers Home,35.68,33.18,64,Free shipping,7.01
Home Furniture Shoerack Coffee Tables Headboards Office Chairs for Living Room Cabinets Storage Cabinet Shoe Organizer Rack Bar,26.39,20.39,49,Free shipping,22.74
Home Furniture Storage Cabinet Office Chairs for Living Room Shoerack Shoe Organizer Rack Chaise Lounge Shoe-shelf Canopy Shoes,22.73,18.23,45,Free shipping,19.8
"8 Seating Outdoor Patio Furniture Sectional Sofa Set,All-Weather Half-Moon with Tempered Glass Table for Backyard Porch Poolside",1154.41,686.65,4,Free shipping,40.52
LEEGOHOME Wardrobes Closet Cloth Bedroom Furniture 85/125/166/207x45x170cm 26mmSteel Pipe Support Storage Household,48.79,21.43,31,Free shipping,56.08
Dressers for Bedroom Furniture Thickened Frame Dresser Vanity Table for Makeup Furnitures Hallway Kids Room Make Up Table Toilet,74.05,42.93,13,Free shipping,42.03
"REDLIFE Vanity Stool Chair with Storage Faux Fur Makeup Ottoman, Dresser Furniture with Gold Metal Legs for Bedroom & Livingroom",53.87,26.32,7,Free shipping,51.14
Simple Metal Shoe Rack Space Saving Stand Holder Hallway Entryway Shoe Organizer Living Room Furniture Modern Shoe Cabinets2021,21.89,21.89,63,Free shipping,0
"Patio Furniture Set, 7 Pieces Outdoor Patio Furniture with Dining Table&Chair, All Weather Wicker Conversation Set with Ottoman",2487.65,491.53,9,Free shipping,80.24
Sofa Side Table End Table Bedroom Side Table Coffee Table Home Furniture,26.22,14.7,3,Free shipping,43.94
7 Pieces Sectional Sofa Patio Furniture Sets Manual Weaving Wicker Rattan Patio Conversation with Cushion and Glass Table(Beige),688.21,386.28,1,Free shipping,43.87
Portability Foot Rest Under Desk Footrest Ergonomic Foot Stool with Massage Rollers Foot Rest for Home Office Work Fast Ship,18.32,5,900,Free shipping,72.71
"MUMUCC Multifunctional Foldable And Adjustable Aluminum Alloy Reading Stand With Spring Clip For Laptops, Tablets & Thick Books",49.35,26.11,3000,Free shipping,47.09
Entertainment Center TV Stand Adjustable Storage Shelves CARB Grade Particle Board 46-inch Panel Espresso,102.04,31.75,8,Free shipping,68.88
"3 in 1 Sleeper Sofa Couch Bed with USB & Type C Port, 52"" Small Modern Convertible Tufted Velvet Loveseat Sofa w/Pull Out Bed",377.24,223.85,30,Free shipping,40.66
"king size bed frame, with 4 storage drawers, Upholstered Platform Bed Frame, Solid wood slat support, No box spring required",396.09,192.04,14,Free shipping,51.52
"Egg Chair with Stand, Hammock Hanging Chair Nest Basket & Washable Cushions UV Resistant Removable,350LBS Capacity Egg Chair",164.43,92.66,30,Free shipping,43.65
"Cross Legged Office Chair Armless Wide Desk Chair with Dual-Purpose Base, Adjustable Swivel Fabric Task Vanity Home OfficeChair",101.92,54.64,22,Free shipping,46.39
"TV Stand with 36"" Fireplace, 70"" Modern High Gloss Fireplace Entertainment Center LED Lights, 2 Tier TV Console Cabinet",352.17,209.8,9,Free shipping,40.43
"Storage Ottoman Bench, End of Bed Button Tufted Ottoman Bench, Rolled Armed Ottoman Couch Long Bench for Bedroom, Living Room",282.38,163.43,3,Free shipping,42.12
"Office Chair, Gaming-Ergonomic Mid Back Cushion Lumbar Support with Wheels Adjustable Swivel Rolling, Office Chair",67.47,27.73,16,Free shipping,58.9
"Living Room Sofa - Furniture-Convertible Sectional Sofa Couch, 4 Seat Sofa Set for Living Room U-Shaped Living Room Decoration",737.32,436.39,1,Free shipping,40.81
"Vanity with Lighted Mirror - Makeup Vanity Desk with Mirror, Power Outlet and Drawers, Dressing Table With Color Lighting Modes",457.33,85.47,15,Free shipping,81.31
"7 Drawer Jumbo Chest, Five Large Drawers, Two Smaller Drawers with Two Lock, Hanging Rod, and Three Shelves, Black",380.05,207.53,2,Free shipping,45.39
"Lotus Zero Gravity Chaise Lounger, Foam Recliner for Living Room, Ergonomic Positioning for Better Relaxation, Pillow Included,",307.3,147.65,4,Free shipping,51.95
"Entertainment Stand TV Storage Shelves Display French Oak Grey/Black Composite Wood 47.24""W x 19.53""H x 15.87""D Easy Assemble",137.05,44.71,13,Free shipping,67.38
L Shaped Sofa Velvet Reversible Sectional Sofa with Storage Ottoman Convertible Cream L-Shaped Sofa Set,2985.39,292.54,41,Free shipping,90.2
"Queen/King/Full Size LED Bed Frame, with Storage Drawer and USB Port, Modern Faux Leather Upholstered Headboard",991.56,192.31,12,Free shipping,80.61
Cloakroom Bedroom Easy-to-install Freestanding Closet Metal Hanger with 4 Hanging Rods Adjustable Wardrobe Shelves,14.13,7.92,0,Free shipping,43.95
"Modway Nolan Modern Farmhouse 71"" Tall Arched Storage Display Cabinet in Black Oak Wood Grain",944.53,470.77,6,Free shipping,50.16
Computer Home Lying Book Room Comfortable Modern Simple Lifting Swivel Seat Boss Office chair,147.79,73.81,3,Free shipping,50.06
"L Shaped Sectional Sofa Set with Storage Ottoman Reversible Back Cushion W/Cupholders, Wide Convertible Upholstered Couch",764.64,376.32,27,Free shipping,50.78
"Couch Convertible Sectional Sofa Couch,4 Seat Sofa Set Grey U-Shaped Fabric Modular Sleeper with Double Chaise Memory Foam",562.95,333.27,7,Free shipping,40.8
"Vanity Makeup Mirror Desk with Stool,Makeup Vanity Set with 6 Drawers and Shelves,Vanity Table with Power Strip",329.58,155.49,8,Free shipping,52.82
"8 Drawers Dresser Fabric Dresser for Bedroom, Chest of Drawers with Fabric Bins,",77.12,32.56,9,Free shipping,57.78
Nordic coffee table living room home new high-end oval modern minimalist designer small unit creative coffee table combination,345.88,180.77,0,Free shipping,47.74
"Convertible Sectional Sofa with Storage Seat with Reversible Chaises Couches with Ottomans, U Shaped Convertible Sectional Sofa",1323.7,788.22,7,Free shipping,40.45
"White Vanity Desk with Mirror, Lights and Charging Station - Large Makeup Table Set with RGB Cabinets and 3 LED Light Modes",950.85,188.67,11,Free shipping,80.16
Wooden Lift Top Coffee Table Living Room with Storage Shelf Modern Design Home Office Dining Hidden Compartment Easy Assembly,114.27,36.28,5,Free shipping,68.25
"Modern LED TV Stand for Televisions up to 70 Inch with Glass Shelves and Drawer, Gaming Entertainment Center with Multiple",196.39,111.83,8,Free shipping,43.06
"Accent Chair with Ottoman, Teddy Fabric Comfy Chair and Storage Ottoman Set,Reading Chair with Adjustable Backrest & Side Pocket",268.3,128.15,6,Free shipping,52.24
2023 New Mainstays 6-Cube Storage Organizer,60.68,24.34,33,Free shipping,59.89
Folding Computer Desk Simple Study Desk with Wheels Minimalist Bookshelf Integrated Office Table Foldable Student Computer Table,64.84,36.35,81,Free shipping,43.94
LEEGOHOME Wardrobe 105x45x170cm 26mm Painted Alloy Steel Pipe ABS Interface Wholesale Purchasing Cloth Wardrobe 5-7Days Delivery,27.78,7.89,18,Free shipping,71.6
"55 Inch Convertible Sleeper Sofa 3 in 1 Velvet Small Loveseat with Pull Out Bed, Reclining Backrest, Toss Pillows and Pockets",1075.56,209.11,34,Free shipping,80.56
GIANXI Summer Outdoor Rollaway Bed Single Bed Simple Office Rollaway Chair Nap Bed Cotton Padded Recliner Accompanying Cot,63.21,29.44,42,Free shipping,53.43
Household Universal Wheel Small Stool 360 Degree Rotating Children Pulley Low Stool Walking Round Chair supplies For Rental Room,13.67,7.67,134,Free shipping,43.89
"Mid Century Modern Accent Chair, Single Fabric Lounge Reading Armchair with Solid Wood Frame, Easy Assembly Arm Chairs for",183.29,85.64,14,Free shipping,53.28
"Dresser with 9 Drawers for Bedroom Fabric Storage Tower, Organizer Unit Sturdy Steel Frame, Wooden Top & Easy Pull",103.62,47.31,3,Free shipping,54.34
"LED Bed Frame with 4 Storage Drawers, Built in Charging Station, Noise-Free/Metal Support/No Box Spring Needed, Bed Frame",322.47,187.48,8,Free shipping,41.86
Mobile Coffee Table Bamboo Rattan Eco-Friendly Craft Log Style Foldable Nightstand Coffee Table Living Room Desk,60.26,33.79,1,Free shipping,43.93
Intelligent Bedside Table With Narrow Simple Led Ultra Narrow Smart Bedsides Cabinet With Wireless USB Charging Bedside Table,108.54,56.36,47,Free shipping,48.07
Portable Wardrobe Closet Heavy Duty Hanger Freestanding Closet Metal Hanger with 4 Hanging Rods Adjustable Wardrobe Shelf,10.95,0.99,2,Free shipping,90.96
"Nightstand 3 Drawers with Open Storage,Side Tables Bedroom with Charging Station,Bedside Table with Drawers,White",106.66,47.33,4,Free shipping,55.63
"Furinno JAYA Large Entertainment Stand for TV Up to 55 Inch, Blackwood",94.03,50.42,10,Free shipping,46.38
"sofasSet, Modular Sectional Sofa with Reversible Chaises,Square Armrests and Comfortable Padded Backrests, L Shaped Corner Sofá",424.33,248.6,16,Free shipping,41.41
"Modern 4 Drawer Dresser with Cut-Out Handles, Accent Storage Cabinet for Living Room, Entryway, Hallway, White",204.02,96.01,1,Free shipping,52.94
"Home Mesh Office ,Ergonomic Desk ,Mid Back Computer ,Task Rolling Swivel Chair, Lumbar Support Arms Modern Executive",72,40.08,4,Free shipping,44.33
"Portable Closet Wardrobe for Hanging Clothes with 2 Hanging Rods and 8 Storage Organizer Shelves,Sturdy Large Wardrobe Clo",58.86,23.43,1,Free shipping,60.19
"Convertible Sectional 3 L-Shaped Couch Soft Seat with Modern Linen Fabric, Space-Saving Sofas for Living Room, Apartment, 70''",363.64,215.68,1,Free shipping,40.69
"Queen Bed Frame, with 3 Drawers Storage Headboard and Charging Station,Upholstered Platform Bed",411.94,199.97,3,Free shipping,51.46
"Criss Cross Chair with Wheels, Cross Legged Office Chair Armless Wide Desk Chair with Dual-Purpose Base",136.53,55.57,1,Free shipping,59.3
"Bed Frame, Velvet Upholstered, Headboard and Headboard with Rolling Wing Back, No Springs Required, Easy To Assemble, Bed Frame",744.64,366.32,9,Free shipping,50.81
"Sweetcrispy Plus Home Office Chair, Desk Chair Leather Chair with Armrests, Adjustable Swivel Rolling Chair with Wheels",116.35,63.81,6,Free shipping,45.16
LEEGOHOME Wardrobe 130cmx45x170cm 26mm Steel PipeAssembly Hanging Clothes Bold Simple Oxford Cloth Wardrobe,33.34,10.67,15,Free shipping,68
"Bedstead Headboard with 2 Layers of Storage, Metal Platform Bed Frame with 4 Storage Drawers, Built-in Charging Station and LED",369.84,178.92,5,Free shipping,51.62
"Adjustable Vanity Stool for Makeup Room, Black Faux Leather Chair, 360 ° Swivel Vanity Stool",57.51,33.11,2,Free shipping,42.43
Portable round Folding Chair Accordion Chair Height Adjustment Simple Tool Elephant Swing Playground Queue Chair,32.07,12.28,10000,Free shipping,61.71
"Office Chair, Modern Adjustable Faux Leather Swivel Offices Chairs with Wheels, Office Chair",100.58,54.35,7,Free shipping,45.96
"Monitor Stand for 13-32 inches Screens, Dual Monitor Mount Gas Spring, Dual Monitor Arm Full Motion Adjustable",144.96,66.68,900,Free shipping,54
Bay Window Tables Simple Bedroom Makeup Table Coffee Table Living Minimalist and Modern Multifunctional Small Dressing Tables,47.19,26.46,9,Free shipping,43.93
Stylish Shoe Rack Metal Simple Shoe Shelf Footwear Organizer Stand Holder Space-saving Black Shoe Shelf for Living Room,32.72,13.64,2000,Free shipping,58.31
"Bamboo metal platform bed frame with headboard, no springs required, easy to assemble, twin beds",158.71,73.35,8,Free shipping,53.78
"3 Drawer Sliding Barrel Modern Bedroom Nightstand, Pink",47.9,29.45,4,Free shipping,38.52
"YILQQPER Dresser for Bedroom TV Stand with Power Outlets and LED Light, 6 Drawers Dresser with Side Pockets & Hooks",176.27,83.9,16,Free shipping,52.4
Porch Swing Canopy Replacement Waterproof Swing Top Cover Garden Swing Seat Replacement Canopy Sun Shade Awning Cover,10.82,4.82,17,Free shipping,55.45
"Dresses 10 Drawers, Bedroom Chest of Drawers with Side Pockets and Hooks, Sturdy Steel-framed Vanity, PU Storage Dresses",158.82,67.38,2,Free shipping,57.57
"71 ""Portable wardrobe storage rack with shelves",21.69,15.69,6,Free shipping,27.66
"King Size Bed Frame, 65"" Velvet Upholstered Bed Frame",591.77,349.06,20,Free shipping,41.01
Creative Dice Chair Stool Fashionable Thickened Dice Rubik's Cube Stool Entrance Shoe Replacement Living Room Sofa Stool,26.92,9.07,2,Free shipping,66.31
Dresser for Bedroom With 8 Drawer Dressing Table TV Stand Dressers Chest of Drawers for Living Room Hallway Entryway White the,313.14,181.88,5,Free shipping,41.92
1PC Portable Wardrobe Closet Heavy Duty Hanger Freestanding Closet Metal Hanger with 4 Hanging Rods Adjustable Wardrobe Shelf,14.13,7.92,0,Free shipping,43.95
"Queen size upholstered bed frame, Queen bed frame with 3 drawers, Queen size bed frame with headboard",482.4,236.7,12,Free shipping,50.93
Folding Step Stool Portable Chair Seat For Home Bathroom Kitchen Garden Camping Chair Seat Fishing Household Picnic Chair,30.53,10.79,10,Free shipping,64.66
"Office Chair High Back Computer Desk Chair, PU Leather Adjustable Height Modern Executive Swivel Task Chair with Padded",131.54,58.45,7,Free shipping,55.56
"Dresser, Illuminated Mirror, Adjustable Brightness, Dresser with Drawers, Women's Dresser, White Tocadores Para El Dormitorio",351.25,169.62,9,Free shipping,51.71
"White Vanity Desk with Mirror, Lights and Charging Station - Large Makeup Table Set with RGB Cabinets and 3 LED Light Modes",449.93,226.97,14,Free shipping,49.55
European Style Bedside Modern Minimalist Mini Storage Rack Living Room Small Square Table Magazine Table Small Coffee Table,33.2,12.61,50,Free shipping,62.02
Movable Computer Table Living Room Bedroom Leisure Side Laptop Desk Table Household Height Adjustable Standing Laptop Desks,51.8,22.49,35,Free shipping,56.58
"56.5"" W Modern Loveseat 2 Seater Sofa Luxurious Velvet Fabric Couch with Gold-Tone Metal Arms and Legs for Bedroom, Studio Pink",206.95,118.17,11,Free shipping,42.9
"Sofa SetPaPaJet 112 inch Oversized Sofa, Sectional Sofa with USB Ports, U Shaped Sofa Couch with Storage Chaise, Corduroy Grey",1411.9,841.14,1,Free shipping,40.42
43 Inch Folding Ottoman Storage Bench Hold Up 700lbs Faux Leather with Memory Foam Seat Footrest Padded Upholstered Stool,104.72,44.27,13,Free shipping,57.73
New Wholesale Simple Shoe Rack Multi-layer Space-saving DIY Household Organizer Multi-functional Economic Shoe Storage Racks,10.59,0.99,43,Free shipping,90.65
"Queen Size Bed Frame with LED Upholstered Platform and Storage Drawers, USB Ports, Dark Grey Bed Frame",455.45,197.9,18,Free shipping,56.55
"Footstool, Foldable Velvet Storage Bench, 2 Extra Storage Boxes, 660 Lb Load Capacity, Storage Ottoman",119.48,53.74,6,Free shipping,55.02
"Farmhouse 9 Drawers Dresser, Wood Dresser for Bedroom Wide Chest of Drawers, French Country Storage Double Dressers Organizer",580.54,288.77,1,Free shipping,50.26
PU Leather Upholstered Queen Bed Frame With Deep Button Tufted Headboard and Headboards Bedroom Black Platform Bed Frame,660.11,390.07,4,Free shipping,40.91
Small Gaming Desk with Power Outlets LED Light 43 Inch L Shaped Computer Desk with Monitor Stand Storage Shelves Reversible,198.12,93.06,5,Free shipping,53.03
"Nightstand with Charging Station, Dresser 3 Fabric Chest of Drawers, Storage for Bedroom, Hallway, Closet,",87.19,35.12,3,Free shipping,59.72
Large Lazy Inflatable Sofa Chairs PVC Lounger Seat Bean Bag Sofas Pouf Puff Couch Tatami Living Room Supply,45.71,18.69,197,Free shipping,59.11
"WLIVE Wide Dresser with 6 Drawers, TV Stand for 50"" TV, Entertainment Center with Metal Frame, Dresser for Bedroom",102.4,56.94,4,Free shipping,44.39
"Wooden TV Stand Up to 50"" TVs Black Contemporary Media Console 37.4 lbs 47.63 x 15.55 x 22.79",105.68,37.6,3,Free shipping,64.42
"White Nightstand, Mid Century Modern Small Bedside Table End for Bedroom with 2-Tier Storage,",90.84,36.65,4,Free shipping,59.65
Round Side Table with Lower Shelf End Rustic Walnut Nightstand Living Room Bedroom Farmhouse Vibe ULET283T41 15.8 x 15.8,80.48,28.28,1,Free shipping,64.86
Simple Shoe Rack Multi-Layer Household Shoe Cabinet Rental Student Dormitory Door Space-Saving Multi-Function Shelves,25.29,8.18,2,Free shipping,67.66
Household Bedroom Wardrobe Portable Assembly Storage Closet Large Capacity Bedroom Dustproof Wardrobe Simple Assembly Wardrobe,55.22,24.96,1,Free shipping,54.8
"Faux Leather/Linen Fabric Sectional Sofa Couch, Modern L-Shaped Modular Couch Upholstered 3/6 Seaters Living Room Sofa Couch",1620.8,318.16,14,Free shipping,80.37
"King Size Bed Frame and 65"" Headboard, Upholstered Beds with Golden Plating Trim, No Box Spring Needed, Bed Frame",468.01,274.81,4,Free shipping,41.28
"Prepac Double Drawer Dresser, 52.5"" W x 29.5"" H x 16"" D, Simple Black，Multiple colors to choose from",392.95,190.47,8,Free shipping,51.53
"2 Drawer Nightstand for Bedroom, Mid Century Modern End Table with Charging Station USB Ports and Outlets for Living Room",131.36,59.68,3,Free shipping,54.57
Bench Seat Shoe Storage Cabinet Organizer Two-Tier Flip Drawer Narrow Entryway Closet White 11.8 x 23.8 x 19.1 Inches,112.27,35.92,4,Free shipping,68.01
"Queen Upholstered LED Bed Frame with 2 Storage Drawers, Velvet Platform Bed with Wingback Headboard",673.24,335.12,7,Free shipping,50.22
"Fabric Dresser with 7 Drawers - Storage Tower Organizer Unit for Bedroom, Living Room, Closets - Sturdy Steel Frame, Wooden Top",85.05,40.78,26,Free shipping,52.05
Portability Foot Rest Under Desk Footrest Ergonomic Foot Stool with Massage Rollers Foot Rest for Home Office Work Fast Ship,17.87,8.04,1000,Free shipping,55.01
Low Roller Seat Stool Low Noise Sturdy Swivel Rolling Stool Pulley Wheels Stool for Kitchen Fitness Garage Office Barber Shop,16.49,13.99,10,Free shipping,15.16
"Stylish Metal Shoe Rack, Simple Shoe Shelf, Footwear Organizer, Stand Holder, Space-saving Black Shoe Shelf for Living Room",24.12,7.27,65,Free shipping,69.86
"Vanity Table Set with Mirror 2 Storage Drawer Makeup Desk Cushioned Stool Set Modern Dressing Vanity Table for Bedroom, White",135.02,102.02,1,Free shipping,24.44
"5 Drawers Dresser Fabric Dresser for Bedroom, Long Dresser with Wood Top for Bedroom, Closet, Entryway, Black",64.68,30.84,3,Free shipping,52.32
GIANXI Summer Camp Bed Folding Chair Office Nap Bed Recliner Napping Appliance Accompanying Bed Folding Bed With Cushion,72.19,35.98,13,Free shipping,50.16
2PC Leather Dining Chair Iron Modern Simple Sponge Backrest Chair Home Nordic Leather Dining Room Chairs,125.6,70.42,38,Free shipping,43.93
Low Rolling Stool Mini Ground Stool 360 degree Rolling Adjustable Round Rolling Stool With Wheels Household Walking Round Chair,14.62,8.62,2,Free shipping,41.04
Smart Bedside Table with Fingerprint Lock Large Capacity with Drawers LED Ultra Smart Bedside Table with Wireless USB Charging,109.65,52.12,1,Free shipping,52.47
"Living Room Sofa, Convertible Sectional Sofa, L-shaped Storage Sofa, Ottoman-style Small Space Reversible Sectional Sofa",809.32,350.1,6,Free shipping,56.74
Modern Bedside Table with Wireless Charging USB Ports LED Lights 3 Drawers Black Nightstand,164.08,54.71,6,Free shipping,66.66
Under Desk Footrest Ergonomic Foot Stool with Massage Rollers Max-Load 120Lbs Desk Leg Rest Pain Relief for Home Office Work,13.37,7.37,150,Free shipping,44.88
"Velvet Dining Chairs Set of 6, Upholstered Dining Room Chairs with Ring Pull Trim and Button Back, Luxury Tufted Dining C",203.59,95.79,23,Free shipping,52.95
Rocking Chair Lazy Technology Cloth Lounge Chairs 5 Angle Adjustment Detachable Washable Relaxation And Comfort Recliner Chair,132.06,74.04,68,Free shipping,43.93
"GTPLAYER Gaming Chair, Computer Chair with Footrest and Bluetooth Speakers, High Back Ergonomic Gaming Chair, Reclining",272.9,133.18,7,Free shipping,51.2
24cmx20cmx18cm Portable Step Stool Durable Plastic Stool With Comfortable Handle Folding Stool For Adults Children,7.47,7.47,10,Free shipping,0
"65"" W Makeup Vanity Desk with Mirror and 3-Color Lights, 8 Drawers Vanity Table with Side Storage Shelf, Bedroom Dressing Table",813.07,161.11,9,Free shipping,80.18
PP Folding Stools Portable Lightweight Chairs For Picnic BBQ Beach Bathroom Kitchen Office Garden Camping Fishing Outdoor,7.27,1.27,9,Free shipping,82.53
"Living Room Sofa, Oversized Sofas-85inch 3Seater Sofas Comfy for Living Room Sofa, Bouclé Couch",624.01,369.91,2,Free shipping,40.72
"Spacious Wardrobe with Dustproof Cover - Durable Steel Frame - Ideal for Bedroom, Dorm, Entryway Organization",65.04,29.12,36,Free shipping,55.23
Bay Window Dressing Table Small Unit Type Simple Bedroom Makeup Table Minimalist and Modern Small Dressing Table,46.45,21.05,1,Free shipping,54.68
US Inventory Modern Living Room Lounge Chairs Arm Chair with Ottoman Stool Genuine Leather,619,563.48,22,Free shipping,8.97
"Corner TV Stand & End Table Set Espresso/Black Simple Design Fits up to 46"" Flat Screen Plenty of Storage Sturdy Assembly Set of",156.95,52.07,2,Free shipping,66.82
"Living Room Chair, Modern Gray Velvet Bucket Shaped Special Chair, Soft Padded Armchair, Bedroom Single Person Sofa",326.38,160.69,7,Free shipping,50.77
Kids Pod Swing Seat without Cushions Folding Hanging Hammock Hanging Swing Seat Child Hammock for Indoor Outdoor Suspension Seat,11.85,6.64,2,Free shipping,43.97
"Velvet Dining Chairs Set of 4, Woven Upholstered Dining Chairs with Gold Metal Legs, Modern Accent Chairs for Living Room",917.39,177.48,12,Free shipping,80.65
Portable Plastic Folding Stool Cartoon Stool Outdoor Fishing Children Stool,7.9,1.34,9,Free shipping,83.04
Computer Desk Writing Study Office Gaming Table Modern Simple Style Compact with Side Bag Headphone Hook Easy Assembly,62.72,33.66,6,Free shipping,46.33
1 set - Household Simple Multi-layer Space-saving X-shaped Shoe Rack Multi-functional Assembly Shoe Cabinet Dust-proof Storage R,19.37,5.49,64,Free shipping,71.66
J28 Light luxury stool wholesale household chair stackable round stool internet celebrity dining table stool simple round stool,28.58,27.08,15,others,5.25
Bedroom Organizer Fabric Dresser 8-Drawer Chest Closet Living Room Storage,102.24,36.33,8,Free shipping,64.47
"Fameill Vanity Desk with Mirror and Lights, White Vanity Table with 3 Color Lighting, Makeup Vanity Desk with Charging Station",384.58,190.14,3,Free shipping,50.56
2PC Leather Dining Chair Iron Modern Simple Sponge Backrest Chair Home Restaurant Hotels Nordic Leather Dining Room Chairs,127.67,65.58,4,Free shipping,48.63
"WLIVE 9-Drawer Dresser, Fabric Storage Tower for Bedroom, Hallway, Nursery, Closet, Tall Chest Organizer Unit for Kids Bedroom",119.68,65.81,21,Free shipping,45.01
"Dressing Table with Illuminated Mirror, Dressing Table with Storage Shelves and 4 Drawers, 10 LED Lights, White, Bedroom Dresser",319.43,134.55,7,Free shipping,57.88
Bedside Table with 2 Drawers Modern End Table Metal Frame Storage Side Table White,124.65,44.62,4,Free shipping,64.2
"King LED Bed Frame with 4 Storage Drawers, Modern Velvet Upholstered Platform Bed with 55 Tall Heart Shaped Headboard, Beige Bed",693.96,410.38,2,Free shipping,40.86
Dustproof Wardrobe Household Bedroom Multipurpose Storage Rack Simple Assembly Storage Cabinet Rental Room Multi-layer Wardrobe,32.5,26.5,63,Free shipping,18.46
"Modern Upholstered Sectional Sofa Couch Set,Modular L Shaped Living Room Sofa Set,Convertible Sofa Couch with Reversible Chaise",2760.04,546.01,4,Free shipping,80.22
Feet Stool Chair Under Desk Footrest Foot Resting Stool With Rollers Massage Foot Stool Under Desk For Home Office Toilet,12.01,6.01,16,Free shipping,49.96
"84""W Modern Couch with Deep 3-Seat, Full Handcrafted Button Tufted and Wide Rolled Arms, 3 Seater Sofa in Linen Upholstered",1632.54,320.51,8,Free shipping,80.37
Electric Stand Up Desk Workstation Whole-Piece Desktop Ergonomic Height Adjustable Standing Desk With Cup and headphone holder,272.68,152.7,354,Free shipping,44
Vanity Chair Pink Velvet Cushion Gold Butterfly Makeup Leisure Chair Living Room Makeup Stool Chair Seat W/ Golden Metal Legs,37.21,23.4,18,Free shipping,37.11
"Shoe Cabinet for Entryway, Black Slim Shoes Cabinet with 3 Flip Drawers Narrow Shoes Storage Cabinet Freestanding Shoe Organizer",155.48,87.29,3,Free shipping,43.86
Floating Window Japanese Tatami Small Unit Type Minimalist and Modern Low Long Table Small Low Table Bedroom Makeup Office Desk,46.45,19.55,1,Free shipping,57.91
"Creative Small Board Stool, Cute Rabbit Ears Solid Wood Small Stool, Decorative Stool children chair",67.68,31.95,85,Free shipping,52.79
"Farmhouse Makeup Vanity Desk with Lighted Mirror & Power Outlet, Vanity Dresser Table with 3 Lighting Modes Brightness",395.29,200.1,7,Free shipping,49.38
"Velvet Upholstered Platform Bed, LED Bed Frame, with 4 Storage Drawers, Tufted Headboard",434.16,211.08,8,Free shipping,51.38
"Convertible Sectional Sofa,3 Seat L-Shaped Sofa with Linen Fabric,Movable Ottoman Small Couch,Living Room and Dark Gray Couch",375.5,181.75,19,Free shipping,51.6
Living Room Chairs Acrylic Transparent Fashion Folding Chairs Household Transparent Folding Chair Fashion Crystal Dining Chair,74.6,41.83,1,Free shipping,43.93
Wood Shoe Rack Multi-layer Easy To Assemble Space Saving Bamboo Simple Shoe Rack Narrow Shoe Cabinets Shelves Entryway Bedroom,59.52,33.37,1,Free shipping,43.93
"Office Computer Desk Chair, Ergonomic Mid-Back Mesh Rolling Work Swivel Task Chairs with Wheels, Comfortable Lumbar Support, Com",86.67,38.2,4,Free shipping,55.92
Under Desk Footrest with Massage Surface Ergonomic 6 Height Position Adjustable Foot Stool with Firm Non-Slip Legs for Home Offi,17.9,4.62,24,Free shipping,74.19
Computer Desk L Desks - Gaming Desk Corner Desk Writing Desks PC Table with Headphone Hook CPU Stand Home,101.95,49.47,13,Free shipping,51.48
Double Rocking Chair Sofa Chair Modern Foldable Adjustable Bedroom Balcony Living Room Lazy Comfortable Adult Recliner,133.64,74.93,16,Free shipping,43.93
Small Low Table Bedroom Makeup Office Desk Floating Window Japanese Tatami Small Unit Type Minimalist And Modern Low Long Table,46.45,26.04,2,Free shipping,43.94
"Living Room Chair Set of 2, Velvet Accent Chairs Armchair with Lumbar Pillow, Vanity Chairs with Golden Legs, Living Room Chair",611.82,365.59,1,Free shipping,40.25
Modern Faux Leather/Velvet Office Desk Chair with Low/Mid-back/with Wheels Modern Office Chair Adjustable Home Computer Chair,360.47,66.09,24,Free shipping,81.67
"Footstool, Modern Velvet Round, Powder Room Makeup Chair, Makeup Bench Footstool with Gold Legs Modern Feature Footstool",54.15,21.08,1,Free shipping,61.07
KKTONER Mid Back PU Leather Height Adjustable Swivel Modern Task Chair Computer Office Home Vanity Chair with Wheels (White),109.64,55.47,9,Free shipping,49.41
Video Racing Seat Height Adjustable With 360°Swivel and Headrest for Office or Bedroom Gamer Chair Computer Armchair Gaming,176.67,100,1,Free shipping,43.4
Dresser for Bedroom with 12 Drawers Tall Dressers & Chests of Drawers for Bedroom Dresser for Closet Wooden Top & Metal Frame,180.32,93.18,13,Free shipping,48.33
"Dining Room Chairs Set of 6, Velvet Tufted Dining Chairs with Nailhead Back and Ring Pull Trim, Upholstered Dining Chairs",709.46,265.09,11,Free shipping,62.63
2PC Leather Dining Chair High Load-bearing Capacity Metal Frame Sponge Backrest Chair Home Nordic Leather Dining Room Chairs,150.55,78.41,1,Free shipping,47.92
"LED Bed Frame, Adjustable Headboard, Light up with Type-C & USB Charging Station, Upholstered Metal Bedframe, Bed Frame",367.78,214.67,5,Free shipping,41.63
"L Shaped Computer Desk Wood Corner PC Gaming Table with Side Storage Bag for Home Office Small Spaces, White",109.77,53.38,32,Free shipping,51.37
Lazy Rocking Chair Washable Technology Cloth Recliner Chair 5 Angle Adjustment Detachable Relaxation And Comfort Lounge Chairs,141.33,79.24,210,Free shipping,43.93
1 folding chair for home and outdoor use Convenient,11.59,0.99,85,Free shipping,91.46
Set of Tables and Chairs for Dining Room Set Leviton Urban Style Counter Height Dining Set: Table and 6 Chairs Chair Grey Sets,1093.19,649.92,4,Free shipping,40.55
"Modern Lift Top Coffee Table Hidden Compartment Storage Shelf Wooden Living Room Office P2 MDF 39""x28""x24"" Black",123.45,44.18,2,Free shipping,64.21
Folding Step Stool Bathroom Stool Non-Slip Design Compact Foldable Step Stool For Bathroom Bedroom Kitchen Outdoor Fishing,7.68,1.68,5,Free shipping,78.13
Foldable Lift Bed Small Table Home Learning Desk Simple Bedroom Computer Window Dormitory Student Table Laptop Computer Desk,38.97,32.97,51,Free shipping,15.4
Simple Shoe Rack Metal Shoe Shelf Footwear Rack Living Room Space Saving Organizer Stand Holder Black Shoe Shelf,14.14,14.14,14,Free shipping,0
Small Stool Portable Multifunctional Step Stool Shower Bench Potty Stool for Adults and Kids Apartment Bedside Kithchen Bathroom,11.58,5.58,132,Free shipping,51.81
"Grey Couch Convertible Sectional Sofa Couch,4 Seat Sofa Set U-Shaped Fabric Modular Sleeper with Double Chaise Memory Foam",754.72,446.83,27,Free shipping,40.8
Computer Chair Managerial Executive Office Chair Gaming Gamer Desk Armchair Relaxing Backrest Ergonomic Swivel Massage Pc,389.52,227.71,10,Free shipping,41.54
"Home Folding Stool, Heavy Collapsible Padded Round Metal Stool Recreation Game Room, Black",22.54,9.78,5,Free shipping,56.61
"MUMUCC Multifunctional Foldable And Adjustable Aluminum Alloy Reading Stand With Spring Clip For Laptops, Tablets & Thick Books",47.7,21.94,3000,Free shipping,54
1/2/3PCS Plastic Folding Step Stool Portable Foldable Outdoor Dining Stool Multi Purpose Step Stool for Home Office Bathroom,26.56,8.34,1,Free shipping,68.6
Door opening simple fabric wardrobe for home hanging clothes Fabric wardrobe 112CM with 3 storage boxes available,88.31,82.31,0,Free shipping,6.79
Office Foot Rest under Desk Foot Stool Support Desk Step for Work Home Study Computer,10.76,4.76,3,Free shipping,55.76
Lazy Rocking Chair Technology Cloth Lounge Chairs Detachable Washable 5 Angle Adjustment Relaxation And Comfort Recliner Chair,141.01,73.06,26,Free shipping,48.19
Computer Armchair Girlfriend Computer Gaming Chair Pink Gaming Chair With Footrest Sister Wife and Love (Pink) Desk Gamer Office,250.27,144.16,6,Free shipping,42.4
"US BestOffice Gaming Desk Computer Desk 47""x 23"" Home Office Desk Extra Large Modern Ergonomic Black PC Carbon Fiber Table",87.12,37.56,3,Free shipping,56.89
Wooden Outdoor Folding Picnic Table With Glass Holder Round Foldable Desk Wine Glass Rack Collapsible Table for Garden Party,7.87,1.87,7,Free shipping,76.24
"Nightstands Set of 2, End Side Table with Drawer, Bedside Table with Shelf for Living Room Bedroom",66.24,26.46,4,Free shipping,60.05
Lazy Couch Penguin Rocking Chair Adult Lounge Snail Balcony Home Indoor Leisure Rocking Chair Lounge Chair Rocking sofa daybed,534.03,234.32,18,Free shipping,56.12
"Convertible Sectional Sofa Couch, 4 Seat Sofa Set for Living Room U-Shaped Modern Fabric Modular Sofa Sleeper with Double Chaise",703.51,345.76,31,Free shipping,50.85
LEEGOHOME Wardrobe 110/130/150/170x45CMx170CM Closet Wardrobe with 23MM Steel Pipe Bedroom Foldable Cloth Wardrobe,36.12,15.56,22,Free shipping,56.92
"67 in Portable Closet Wardrobe for Hanging Clothes, Wardrobe Closet , 4 Hanging Rods and Side Pockets, 8 Storage Shelves",67.52,26.41,7,Free shipping,60.89
High Quality Outdoor Rocking Chair Rain Shelter Garden Swing Garden Waterproof Dustproof Lounge Chair Sun Shade Canopy,14.82,2.31,8,Free shipping,84.41
Kids Pod Swing Seat Hammock Chair Children's Hanging Chair Durable Outdoor Garden Patio Swing Folding Hanging Hammock Chair,9.93,5.89,12,Free shipping,40.68
Foldable Shoe Storage Box Stackable Dustproof Transparent Living Room Sneaker Cabinet For Closet Multi Layer Cubby Shoes Rack,64.4,30.11,11,Free shipping,53.25
Double door folding simple cloth wardrobe thickened and thickened 19mm steel pipe single person storage wardrobe,70.32,64.32,0,Free shipping,8.53
30-inch Faux Leather Folding Storage Ottoman with Padded Lid or Bench with Removable Bin for Living Room or Bedroom,37.14,21.5,6,Free shipping,42.11
Transparent Folding Chair Acrylic Minimalist Modern Dining Chairs North Europe Style Lightweight INS Transparent Photo Chairs,52.34,29.34,93,Free shipping,43.94
Acrylic Transparent Coffee Table Clear Drink Table Small Round End Modern Living Room Side Table Acrylic desk Home Decorations,37.26,31.26,112,Free shipping,16.1
1pc Outdoor Camping And Fishing Hand Bag Chair Rainbow Portable Plastic Circular Folding Chair Retractable Queue Chair,17.71,11.71,6,Free shipping,33.88
"Bed Frame with Wingback, Upholstered Beds Frames with Diamond Tufted Headboard and Footboard, No Box Spring Needed, Bed Frame",296.4,171.84,3,Free shipping,42.02
"Upholstered Queen Platform Bed Frame, With 4 storage drawers and headboard, Diamond sewn button tufting, Base wood slat support",370.75,179.38,11,Free shipping,51.62
"TV stand, LED lighting entertainment center, modern live fireplace with high-gloss storage cabinets",365.59,176.79,3,Free shipping,51.64
Multilayer Dustproof Shoe Shelf Organizer for Closet Shoe-shelf Stackable Shoe Rack Large Closet Shoe-shelfs Shoes Storage Racks,42.37,23.76,2,Free shipping,43.92
"9-Cube Storage Organizer, White, Bookcase, Display Shelf Cube Storage for Bedroom, Hallway, Office, Living Room Cabinet",86.1,41.36,3,Free shipping,51.96
"Convertible Sectional Sofa Velvet L Shaped Couch Reversible 4 Seat Corner Sofas for Small Apartment,Velvet Black Sofa",3265.13,647.03,24,Free shipping,80.18
"HAIOOU Coffee Table, Mid Century Modern Style Cocktail Table TV Stand with Drawer, Open Storage Shelf",101.74,58.09,2,Free shipping,42.9
Wooden Small Stool Bedside Step Stool Indoor Mobile Step Stool Foot Stool Bathroom Toilet Wooden Stool Ornament,12.08,6.08,3,Free shipping,49.67
"1pc hammock, outdoor camping leisure anti-rollover duck bill buckle hammock, travel supplies swing",17.71,5.43,38,Free shipping,69.34
Nordic Adult Rocking Chair Washable Technology Cloth Lazy Sofa Lounge Chair Balcony Sun Recline Adjustable Ergonomic Deckchair,140.63,78.85,16,Free shipping,43.93
"Outdoor Sofa Four Piece Set, with Soft Cushion and Tempered Glass Table, Willow Wicker Garden Sofa",236.96,136.18,6,Free shipping,42.53
"Outdoor Sofa Four Piece Set, with Soft Cushion and Tempered Glass Table, Willow Wicker Garden Sofa",236.96,136.18,6,Free shipping,42.53
Wooden Folding Picnic Table Outdoor Portable Holder Round Foldable Desk Wine Glass Rack Collapsible Table For Garden Party,17.46,3.79,43,Free shipping,78.29
"Office Desk Mat,Non-Slip PU Leather Desk Blotter, Computer Desk Pad, Waterproof Desk Writing Pad for Office and Home 60cm x 35cm",5.94,0.99,32,Free shipping,83.33
GIANXI Summer Outdoor Folding Chair Adult Siesta Artifact Living Room Simple Lounge Chair Siesta Artifact With Mattress Camp Bed,61.32,28.38,36,Free shipping,53.72
"Glass Display Cabinet, White Floor Standing Glass Bookshelf, Glass Display Case with 4 Clear Dividers for Collectibles",455.74,267.44,10,Free shipping,41.32
Small Wooden Stool Round Polished Modern Storage Flower Pot Stand Eco-friendly Wooden Color Children's Stool Home Accessories,10.45,10.45,31,Free shipping,0
Portable Folding Telescopic Stool Lightweight Plastic Subway Queuing Chair Outdoor Camping Chair Fishing Seat with Carry Bag,30.18,11.2,900,Free shipping,62.89
"Dressing Cabinet, 9-drawer Dresser, Chest of Drawers with Fabric Storage Bins, Tall Dresser with Wooden Tops",97.02,47.01,10,Free shipping,51.55
"Make-up Dresser with Light and 2 Mirrors, Set, Dresser with Drawers, Bedroom Dresser Black Dressers for Bedroom",437.19,212.6,6,Free shipping,51.37
"70.8"" Large Kitchen Dining Room Table for 6-8 People, Rustic Grey Farmhouse Industrial Wood Style Rectangle Apartment Dinning",280.03,162.02,7,Free shipping,42.14
Shoe Rack Storage Organizer 5-7laye Shoe Cabinets Shoes Storage Rack Space Saving Sneakers Organizer for Wall Corner Shoes Shelf,16.55,10.55,54,Free shipping,36.25
"82"" L-Shape Sofa Reversible Sleeper, Pull Out Bed, Storage Chaise and Arms, Corner Couch for Living Room, Linen Sectional Sofa",608.66,359.2,5,Free shipping,40.99
Adjustable 9 Tier Shoe Rack Organizer 72-90 Pairs Sturdy Waterproof Fabric Space Saving Closet Entryway Bedroom Storage Solution,102.04,30.73,3,Free shipping,69.88
"L Shaped Gaming Desk,Power Outlet and Pegboard,Gaming Desk with Led Lights,Sturdy Desk for Home Office Writing",290.55,168.33,13,Free shipping,42.07
Ergonomic Feet Pillow Relaxing Cushion Support Foot Rest Under Desk Feet Stool for Home Office Computer Work Foot Rest Cushion,7.76,1.76,27,Free shipping,77.32
"Chaise Longue Sofa Bed with Removable Armrests, 2 Cup Holders, Grey",291.02,172.11,5,Free shipping,40.86
"Dresser Set, Dressing Table, Lighting Mirror, Power Strip and Hair Dryer Holder, Dresser with Drawers, Bedroom Storage Shelf",446.13,191.8,1,Free shipping,57.01
Homall Computer Racing Style Pu Leather Ergonomic Adjusted Reclining Video Gaming Single Sofa Chair with Footrest Headrest,304.13,153.6,5,Free shipping,49.5
"Convertible Sectional Sofa Couch, Modern Chenille Fabric U-Shaped, 4-Seat with Long Chaise for Living Room, Gray Free Shipping",632.34,373.4,8,Free shipping,40.95
European Style Bedside Modern Minimalist Mini Storage Rack Living Room Small Square Table Magazine Table Small Coffee Table,36.64,20.54,62,Free shipping,43.94
Adjustable Laptop Desk Stand Portable Aluminum Ergonomic Lapdesk For TV Bed Sofa PC Notebook Table Desk Stand With Mouse Pad,52.47,25.49,600,Free shipping,51.42
Folding Multi-Layer Shoe Cabinet Large Capacity Dust Proof Storage Shelf Phyllostachys Pubescens Easy Installation Shoe Racks,65.36,36.65,37,Free shipping,43.93
1 Stainless Steel Shoe Rack 3-Layer Tower Storage Shelf Entryway Shoes Organizer Metal Stackable Cabinet Closets Shoe Holder,8.65,7.15,41,Free shipping,17.34
Smart Bedside Table with Wireless USB Charging LED Ultra Narrow Smart Bedside Table Narrow Smart Nightstands,108.02,60.56,5,Free shipping,43.94
Bay Window Dressing Table Simple Bedroom Makeup Table Small Unit Type Minimalist and Modern Small Dressing Table,46.45,20.04,4,Free shipping,56.86
"Outdoor Table and Chairs Set,All-Weather for Backyard, Outdoor Table and Chairs Set",473.78,279.77,4,Free shipping,40.95
1pc Sequin Inflatable Sofa Colorfull Sequin Lazy Sofa Bean Bag Chair Lounger Living Room Bedroom Office Lounge Chair Lounger,10.75,0.99,26,Free shipping,90.79
No Need To Install Wardrobe Household Bedroom Folding Simple Cloth Wardrobe Steel Frame Storage Cabinet Wardrobe Rental Room,98.72,47.31,5,Free shipping,52.08
"MUMUCC Multifunctional Laptop Desk With Cushion and Filled with Foam Particles, Small Pillow Table, Hard Mouse Pad Large",21.64,6.55,600,Free shipping,69.73
"67 Inch Large Capacity Portable Closet Wardrobe with Non-Woven Fabric Cover, 4 Hanging Rods, 8 Shelves - Black Clothes Storage",72.76,42.16,17,Free shipping,42.06
Household Pulley Low Stool Multi-functional Children Walking Round Stool 360 Degree Rotation With Universal Wheel Home Soft Seat,14.85,8.85,46,Free shipping,40.4
"Bar Table and Chair Set for 5 Piec, Counter Height Pub Table and 4 PU Soft Stools with Backrest, Dining Table Set",218.4,125.04,1,Free shipping,42.75
Office Comfort Footrest Under Desk Non-Skid Relieve Foot Pedal Foot Office Footrests Fatigue 2023 T9R9,11.15,5.15,60,Free shipping,53.81
Double door folding simple cloth wardrobe thickened and thickened 19mm steel pipe single person storage wardrobe,54.65,52.15,0,Free shipping,4.57
Card Folding Stool Portable Outdoor Camping and Fishing Multi Functional Handheld Basket Folding Stool Portable Stool,5.53,0.99,41,Free shipping,82.1
1/12 Scale mini house Miniature Round Wooden Coffee Table (White),3.86,0.99,23,Free shipping,74.35
Stackable Shoe Rack Multi-Layer Installation-Free 3-4 Tier Household Multifunctional Space Saving X-Shaped Shoe Rack,53.97,24.64,1,Free shipping,54.35
"Simplicity Coffee Table Bedside Storage Rack , Mini Sofa Side Table, Home Living Room Side Table Corner Table",30.19,27.69,5,Free shipping,8.28
Pooping Stool for Adults Bathroom Posture Toilet Foot Step Footstool,13.86,7.86,10,Free shipping,43.29
1:12 Wood Trim Mini Vintage Night Table Mini Wood Retro Bedside Table Mini House Adornment Cabinet Model Bedroom Decoration,3.63,3.63,12,Free shipping,0
Under Feet Stool Chair Under Desk Footrest Foot Resting Stool With Rollers Massage Foot Stool For Home Office Toilet Footstool,9.78,3.78,48,Free shipping,61.35
3-Seat Swing Seat and Ceiling Cover Garden Swing Hammock Tent Waterproof UV Protection Courtyard Swing Cover (not include swing),25.95,19.95,10,Free shipping,23.12
Porch Swing Awning Replacement Waterproof Swing Canopy Garden Outdoor Hammock Swing Awning,13.77,7.77,2,Free shipping,43.57
"Dining Table Set for 4, Bar Tables and Chair Sets Faux Marble Counter Height Dining Tables Set with 4 PU Upholstered Stool Table",265.2,157.62,1,Free shipping,40.57
Adjustable Laptop Desks Widen Computer Table with Wheels Mobile Storage Desk Simple Study Table Desktop Household Reading Desk,64.65,28.91,30,Free shipping,55.28
Acrylic Drink Table Clear Small Round End Table For Drinks Modern Living Room Side Table For Drinks Snacks Phones Coffee Drink,37.19,37.19,111,Free shipping,0
"Capacity Portable Closet Wardrobe with Non-Woven Fabric Cover, Hanging Rods, Shelves - Black Clothes Storage Organizer",67.96,26.62,1,Free shipping,60.83
"Metal Wardrobe Cabinets with Lock, Clothing Locker Storage Cabinets for Home Room, Fire Department, School, Employee, Gym",281.6,148.88,15,Free shipping,47.13
Garden Wearable Stool Lightweight Bench Chair Seat Round Stool Outdoor Fishing Chair for Outside Gardening Planting Fishing Farm,10.28,4.28,37,Free shipping,58.37
Office Home Leg Up Relaxing Cushion Pillow Soft Footrest Foot Rest Pillow PVC Inflatable,3.75,3.75,33,Free shipping,0
Foot Rest Under Desk Foot Rest Massage Pad Ergonomic Footrest Stool for Home Office Bathroom Travel K0R1,11.76,5.76,11,Free shipping,51.02
Bunk Bed Twin Over Full Sturdy Steel Metal Bed Frame with Flat Ladder and Guardrail for Children/Teens/Adults Black,406.59,239.45,2,Free shipping,41.11
Transparent Folding Table Acrylic Portable Sofas Side Table North Europe Style Simple Design Sturdy And Stable Acrylic Tables,74.6,41.83,39,Free shipping,43.93
"HOMIDEC Shoe Rack, 6 Tier Shoe Storage Cabinet 24 Pair Plastic Shoe Shelves Organizer for Closet Hallway Bedroom Entryway",80.77,37.89,2,Free shipping,53.09
"Foldable Bed Tray, Lap Desk with Fold-Up Legs, Freestanding Portable Table for Laptop, Tablet, Reading, Black",26.63,12.64,20,Free shipping,52.53
Super Load-bearing Shoe Rack Multi-layer Space-saving DIY Household Organizer Simple Multi-functional Economic Shoe Storage Rack,21.99,6.97,121,Free shipping,68.3
"Shoe Rack, Household Integrated Clothes Rack, Multifunctional Storage Shoe Cabinet, Hat Rack, Multi-layer Group Device, Shelf",49.6,18.8,32,Free shipping,62.1
Shoe rack home indoor door storage artifact dormitory college students small simple multi-layer dustproof shoe cabinet,31.27,11.2,7,Free shipping,64.18
Computer Desk - Office Writing Work Student Study Modern Simple StyleWooden Table Desk Table,92.17,53.8,6,Free shipping,41.63
Dining Chair Home Nordic Modern Simple Sponge Backrest Chair Iron Light Luxury Restaurant Dining Table and Chair Coffee Chair,110.6,56.01,28,Free shipping,49.36
Acrylic Drink Table Clear Small Round End Table For Drinks Modern Living Room Side Table For Drinks Snacks Phones Coffee Drink,38.13,32.13,128,Free shipping,15.74
Wooden Outdoor Folding Picnic Table Portable Holder Round Foldable Desk Wine Glass Rack Collapsible Table For Garden Party,16.76,4.06,49,Free shipping,75.78
"Nightstand, End Table, Side Table with 2 Hand Made Rattan Decorated Drawers, Nightstands Set of 2,Wood Accent Table with Storage",117.11,58.41,13,Free shipping,50.12
"Dining Table Set for 4, Dinner Room Tables, Kitchen Tables, Square Glass Kitchen Tables with 4 Chair, Dining Table Set",287.82,166.69,2,Free shipping,42.09
"Shoe Cabinet, 4 Tier Revolving Shoe Storage with 4 Wheels, 360 Spinning Wood Round ,Grey, Shoe Cabinets Shoes Rack",134.81,65.9,2,Free shipping,51.12
Stackable Shoe Rack Multi-layer Space Saving Organizer Shelf Plastic Shoe Storage Racks for Entry Door Shoes Cabinet,48.22,25.95,89,Free shipping,46.18
Folding Stool Stepladder Easy To Hold Lightweight Indoor Outdoor Travel Bath Easy To Carry Children Adults Non-slip,7.7,1.7,25,Free shipping,77.92
Multi-Layer Removable Shoes Rack Save Space For Household Sneaker Organizer Detachable Shoe Cabinets Shoe Organizer And Storage,36.48,17.95,2,Free shipping,50.79
2024 Assemble Dustproof Wardrobe Folding Household Multi-Layer Storage Locker Large Capacity Portable Clothes Organizer Cabinet,49.84,48.34,43,Free shipping,3.01
Folding Multi-Layer Shoe Cabinet Dust Proof Large Capacity House Storage At Home Door Space-Saving Simplicity Shelf Shoe Racks,65.36,36.65,23,Free shipping,43.93
Simple Shoe Rack Multi-Layer Space Saving Shoe Rack DIY Home Use Multifunctional Organizer Multifunctional Economic Shoe Rack,22.21,7.33,13,Free shipping,67
Nordic Adult Rocking Chair Anti-Fouling Simple Modern Foldable Rocking Chairs Balcony Bedroom Lazy Relaxing Reclining Chair,129.19,63.76,6,Free shipping,50.65
Simple wardrobe modern minimalist bedroom storage single person economy fabric wardrobe 19mm steel pipe 75CM,57.14,51.14,0,Free shipping,10.5
Lazy Rocking Chair Washable Technology Cloth Adjustable Backrest Angl Simple Bedroom Net Red Lazy Balcony Leisure Rocking Chair,136.92,76.77,48,Free shipping,43.93
Under Desk Footrest Ergonomic Foot Stool with Massage RollersMassage Foot Stool Under Desk For Home Office Toilet,21.11,21.11,30,Free shipping,0
Rotating Stool Chair 360 Rolling Adjustable Round Rolling Stool With Wheels Rotatable Swivel Saddle Stool For Kitchen Spa Bar,13.52,13.52,11,Free shipping,0
New Wholesale Simple Shoe Rack Multi-layer Space-saving DIY Household Organizer Multi-functional Economic Shoe Storage Racks,24.22,8.54,24,Free shipping,64.74
Wood Bedside Step Stool Household Bedroom Step Stool Kids Multipurpose Stepping Stool Adults Bathroom Kitchen Wood Step Stool,15.25,9.25,14,Free shipping,39.34
Desk Footrest Adjustable Under Foot Rest for Under Desk at Work with Massage Foot Stool Under Desk 5 Height Position Adjustment,11.45,5.45,27,Free shipping,52.4
Transparent Folding Chair And Table Acrylic Simple Design Stable And Balanced Dining Chair Household Outdoor Graden Living Room,53.65,22.97,12,Free shipping,57.19
Double Lounge Chair Living Room Light Luxury Rocking Chairs Comfort Detachable Recliner Sofas Modern Minimalist Rocking Chair,139.36,76.64,21,Free shipping,45.01
Toilet Step Stool Shoe Bench Seat Toilet Foot Stool For Adults Bedpan Potty Squatting Toilet Seat Stool Home Bathroom Accessory,13.76,7.76,10,Free shipping,43.6
Swing Cover Waterproof Cover Outdoor Hammock Canopy Patio Chair For Porch Replacement Seat Garden Hanging Chair Dust Proof Cover,15.02,9.02,24,Free shipping,39.95
Folding Multi-Layer Shoes Cabinet Large Capacity Dustproof Storage Shelf Layered Storage Racks Simple And Innovative Shoe Rack,68.88,32.7,9,Free shipping,52.53
2-Tier White Marble Side Table Round Coffee Table Nightstand Jewellery Storage,99.99,55.99,42,Free shipping,44
Japanese-style Portable Household Folding Stool Kids Child Plastic Stool Outdoor camping fishing stool,12.74,6.74,137,Free shipping,47.1
"12 Pack Large Shoe Organizer Storage Boxes for Closet, Modular Space Saving Clear Plastic Stackable Sneaker Container",81.2,32.6,4,Free shipping,59.85
"Spacious & Durable Stainless Steel Wardrobe with Dustproof Cover: Ideal Organizer for Bedroom, Dorm, Home",125.48,64.35,10,Free shipping,48.72
Creative shoe changing stool modern style dice Rubik's cube stool entrance creative shoe changing living room sofa stool,26.92,9.09,2,Free shipping,66.23
LEEGOHOME Wardrobe 170x45x170cm 26mm Painted Alloy Steel Pipe ABS Interface Wholesale Purchasing Cloth Wardrobe 5-7Days Delivery,46.08,18.54,7,Free shipping,59.77
"VEVOR 26.4""-44.9"" Gas-Spring Height Adjustable Sit-Stand Desk with 360° Swivel Wheels Home Office Rolling Laptop Table Tiltable",104.98,56.99,43,Free shipping,45.71
Small Footstool Ottoman Desk Rest Foot Ottoman Footstool Portable Footrests Foot Stool Leg Rest High Padded Foot Rest,35.23,32.73,45,Free shipping,7.1
Footstools Ottomans Leisure Stool Change Shoe Stool Foot Rest Stool Small Footstool for Bedroom Nursery Bedside Entryway Doorway,13.46,7.46,14,Free shipping,44.58
1Pc Folding Step Stool Plastic Foldable Stool Outdoor Fishing Stool Portable Camping Fishing Chair Stepping Stool 24x19.5x18.5cm,8.86,2.86,8,Free shipping,67.72
Shoes Organizer Women's Luxury Belt Luxury Bag Sss Grade 2023 Recommended Mall Cabinet Shoe-shelf Shoerack Living Room Cabinets,19.44,19.44,393,Free shipping,0
Footrest for under Desk Ergonomic Desk Leg Rest Rocker Balance Board Comfortable Foot Stool for Gaming Computer Desk Home Office,9.74,9.74,30,Free shipping,0
"Dining Table Set for 6,Farmhouse Kitchen Table Set with 4 Upholstered Chairs and 1 Bench,Solid Wood Dining Table Set for Kitchen",762.6,451.56,2,Free shipping,40.79
"Portable Closet Large Wardrobe Closet Clothes Organizer with 6 Storage Shelves, 4 Hanging Sections 4 Side Pockets,Black",75.15,31.57,12,Free shipping,57.99
Swing Chair Cover Outdoor Garden Swing Chair Waterproof Dustproof Protector Seat Cover Grey,13.15,7.15,71,Free shipping,45.63
Folding Stool Stepladder Easy To Hold Lightweight Indoor Outdoor Travel Bath Easy To Carry Children Adults Non-slip,7.78,1.78,51,Free shipping,77.12
New Small Household Shoe Changing Stool Small Chair Ins Sofa Living Room Foot Rest Stool Tea Table Children Bathroom Footstool,15.01,9.01,12,Free shipping,39.97
"Closet Wardrobe, 64.5-inch Portable Closet for Bedroom, 3 Clothes Rail Clothes Rail with Fabric Cover, Clothes Storage Organizer",74.71,31.36,10,Free shipping,58.02
Simple Shoe Rack Multi-Layer Space Saving Shoe Rack DIY Home Use Multifunctional Organizer Multifunctional Economic Shoe Rack,21.77,6.92,47,Free shipping,68.21
Simple Open Closets Installation-Free Foldable Wardrobe For Clothes Storage Locker Metal Material Integrated Bedroom Cabinets,119.65,61.08,5,Free shipping,48.95
Acrylic Transparent Coffee Table Clear Drink Table Small Round End Modern Living Room Side Table Acrylic desk Home Decorations,37.58,31.58,5,Free shipping,15.97
Shoe Organizer Foldable Plastic Shoe Storage Boxes for Sneakers Stackable Dustproof Transparent Cabinet Multi Layer Shoes Rack,105.38,59.08,17,Free shipping,43.94
"1pc Large Capacity Clothes Storage Wardrobe with Dustproof Cover - Easy-to-Assemble, Sturdy Frame Organizer for Bedroom, Dorm",66.85,31.48,6,Free shipping,52.91
Nordic Leather Dining Room Chairs Drawing Room Home Coffee Chairs Metal Frame Nordic Luxury Dining Chairs,131.32,66.23,30,Free shipping,49.57
Simple Wardrobe Portable Assembly Storage Closet Large Capacity Bedroom Durable and Sturdy Clothes Dustproof Wardrobe,81.46,39.67,13,Free shipping,51.3
Ergonomic Office Footrest Portable Foot Rest Under Desk Feet Stool for Home Office Work Foot Resting Stool with Massage Rollers,50.71,24.44,369,Free shipping,51.8
Multi-layer Shoe Rack Storage Organizer Cupboard Shoerack Plastic DIY Assembly Bedroom Cabinets Shoe-shel Orange or Pale,30.81,10.95,3,Free shipping,64.46
Office Chairs for Living Room Portable Shoe Rack Organizer Storage Cabinet Chaise Lounge Dining Tables Shoe-shelf Canopy Shoes,35.57,29.57,275,Free shipping,16.87
"Simple Clothes Storage Closet, Large Wardrobe, Durable Clothes Storage Rack for Shirts, Dress, Quilts, 1Pc",101.09,50.68,2,Free shipping,49.87
"Clothes Storage Wardrobe with Dustproof Cover, Large Storage Closet with Steel Frame, Durable Rack, 1Pc",83.8,46.98,10,Free shipping,43.94
Swing Chair Cover Outdoor Garden Swing Chair Waterproof Dustproof Protector Seat Cover Blackish Green,9.1,3.1,15,Free shipping,65.93
Shoe Organizer Shoe Shoe-shelf Dining Room Sets Folding Bathtub Women's Wallets Card Wallet Luxury High Brand Bag Cabinet Rack,26.37,20.37,24,Free shipping,22.75
Mattress Topper Shelf Folding Plastic Cabinet Wardrobe for Bedroom Living Room Drawer Open Closets Dresser Storage Locker Closet,26.48,20.48,280,Free shipping,22.66
Indoor Outdoor Tassels Hammock Garden Patio White Cotton Swing Chair Bedroom Romantic Hanging Bed Beach Hammocks Chair,25.02,22.52,13,Free shipping,9.99
"Portable Folding Laptop Desk, Mini Foldable Camping Table, Folding Picnic Table with Storage Space, Mini Lap Desk Reading Holder",31.47,25.47,60,Free shipping,19.07
"Computer Desk, Modern Simple Style Desk for Home Office, Study Student Writing Desk",135.92,75.55,2,Free shipping,44.42
"Swing Chair Cover Outdoor Garden Swing Chair Waterproof Dustproof Protector Seat Cover, Blue",8.82,8.82,14,Free shipping,0
Wooden Outdoor Folding Picnic Table Portable Holder Round Foldable Desk Wine Glass Rack Collapsible Table For Garden Party,12.81,7.18,16,Free shipping,43.95
Portable Clothes Closet Wardrobe Non-Woven Fabric Wardrobe Sturdy Durable Water-proof Double Rod Clothes Storage Organizer,56.14,25.48,2,Free shipping,54.61
Wood Shoe Rack Multi-layer Organized Stand Holder Anti-Vibration Space Saving Easy To Assemble Household Bamboo Simple Shoe Rack,87.69,46.66,2,Free shipping,46.79
Portable Plastic Folding Stool Multi Purpose Cartoon Children's Stool Stepstool Outdoor Hiking Fishing Foldable Stool Chair WF,8.37,8.37,20,Free shipping,0
Smart Bedside Tables LED Ultra Smarts Bedside Table Minimalisms Night Stand with Drawer with Wireless USB Charging Minimalism,107.72,60.39,14,Free shipping,43.94
Non-Woven Wardrobe Portable Clothes Closet Fabric Wardrobe Sturdy Durable Waterproof Double Rod Storage Organizer,71.43,34.05,10,Free shipping,52.33
Creative Small Wood Chair Household Shoe Changing Stool Ins Sofa Living Room Foot Rest Stool Tea Table Children Bathroom Footsto,34.16,28.16,26,Free shipping,17.56
"Footstool, Modern Velvet Round, Powder Room Makeup Chair, Makeup Bench Footstool with Gold Legs Modern Feature Footstool",54.15,21.08,1,Free shipping,61.07
"Outdoor Aluminum Furniture Set, 5 Pieces Patio Sectional Conversation Chat Sofa Modern Seating Set with Coffee Table",1655.19,937.46,3,Free shipping,43.36
White Mini Table Modern Computer Desk 63 Inch Large Office Desk Folding Dining Table Set End of Tables Mobile Kitchen Furniture,280.67,163.9,1,Free shipping,41.6
"Cushions for Patio Furniture Replacement, Patio Furniture Cushions, Deep Seat Cushions, Outdoor Seat Cushions",449.85,263.91,15,Free shipping,41.33
LEEGOHOME Wardrobe 170x45x170cm 26mm Painted Alloy Steel Pipe ABS Interface Wholesale Purchasing Cloth Wardrobe 5-7Days Delivery,46.08,18.54,7,Free shipping,59.77
"13PCS Outdoor Patio Furniture Set with 43"" 55000BTU Gas Propane Fire Pit Table PE Wicker Rattan Sectional Sofa Patio Sets",1291.24,1001.17,3,Free shipping,22.46
"Black Kitchen Table and Chairs for 4, Compact Furniture 5-Piece Dining Room Table Set Faux Marble Table",427.16,143.51,1,Free shipping,66.4
"Daybed with Trundle, Modern Linen Upholstered Day Bed Button-Tufted Sofa Daybed Frame and A Trundle, Daybed",423.55,248.13,2,Free shipping,41.42
Small Japanese Luxury Coffee Tables Unusual Entryways Modern Corner Coffee Table Cute Round Mesa De Centro Living Room Furniture,314.56,151.28,15,Free shipping,51.91
"84""W Modern Couch with Deep 3-Seat, Full Handcrafted Button Tufted and Wide Rolled Arms, 3 Seater Sofa in Linen Upholstered",1632.54,320.51,8,Free shipping,80.37
"Living Room Sofa, 149-Inch U-Shaped Sectional Sofa with Ottoman, Convertible 6 Seat Sofa Bed, Linen Sectional Couch, Beige",1239.31,613.66,2,Free shipping,50.48
"5 Piece Patio Conversation Set, Wicker Rattan Lounge Chairs with Soft Cushions 2 Ottoman&Glass Table, Garden Furniture Set",392.22,232.83,5,Free shipping,40.64
"Vanity Table Set with Mirror 2 Storage Drawer Makeup Desk Cushioned Stool Set Modern Dressing Vanity Table for Bedroom, White",135.02,102.02,1,Free shipping,24.44
"White Vanity Desk with Mirror, Lights and Charging Station - Large Makeup Table Set with RGB Cabinets and 3 LED Light Modes",950.85,188.67,11,Free shipping,80.16
PP Folding Stools Portable Lightweight Chairs For Picnic BBQ Beach Bathroom Kitchen Office Garden Camping Fishing Outdoor,7.27,1.27,9,Free shipping,82.53
Folding Chair And Table Acrylic Transparent Dining Chair Household With Backrest Modern Nordic Style Portable Foldable Furniture,76.93,39.04,0,Free shipping,49.25
